<?xml version="1.0" encoding="UTF-8"?>
<project-private xmlns="http://www.netbeans.org/ns/project-private/1">
    <editor-bookmarks xmlns="http://www.netbeans.org/ns/editor-bookmarks/2" lastBookmarkId="0"/>
    <open-files xmlns="http://www.netbeans.org/ns/projectui-open-files/2">
        <group>
            <file>file:/J:/V/Acioly/2º%20Módulo/TOO/Modelo_Associacao/Associacao_03/src/associacao_03/Proprietario.java</file>
            <file>file:/J:/V/Acioly/2º%20Módulo/TOO/Modelo_Associacao/Associacao_03/src/associacao_03/Gato.java</file>
            <file>file:/J:/V/Acioly/2º%20Módulo/TOO/Modelo_Associacao/Associacao_03/src/associacao_03/Associacao_03.java</file>
        </group>
    </open-files>
</project-private>
