<?xml version="1.0" encoding="UTF-8"?>
<project-private xmlns="http://www.netbeans.org/ns/project-private/1">
    <editor-bookmarks xmlns="http://www.netbeans.org/ns/editor-bookmarks/2" lastBookmarkId="0"/>
    <open-files xmlns="http://www.netbeans.org/ns/projectui-open-files/2">
        <group>
            <file>file:/H:/V/Acioly/2º%20Módulo/PC%201/LISTA/LISTA_2/LISTA2_EXERCICIO4_MATEUS_VINICIUS/src/exercicio4/ExercicioRM04757.java</file>
            <file>file:/H:/V/Acioly/2º%20Módulo/PC%201/LISTA/LISTA_2/LISTA2_EXERCICIO4_MATEUS_VINICIUS/src/exercicio4/Cadastro.java</file>
        </group>
    </open-files>
</project-private>
