<?xml version="1.0" encoding="UTF-8"?>
<project-private xmlns="http://www.netbeans.org/ns/project-private/1">
    <editor-bookmarks xmlns="http://www.netbeans.org/ns/editor-bookmarks/2" lastBookmarkId="0"/>
    <open-files xmlns="http://www.netbeans.org/ns/projectui-open-files/2">
        <group>
            <file>file:/J:/V/Acioly/2º%20Módulo/TOO/Atividade_II/Exercicios_Her_Pol/exercicio_03/src/exercicio_03/CamaroteSuperior.java</file>
            <file>file:/J:/V/Acioly/2º%20Módulo/TOO/Atividade_II/Exercicios_Her_Pol/exercicio_03/src/exercicio_03/Exercicio_03.java</file>
        </group>
    </open-files>
</project-private>
