<?xml version="1.0" encoding="UTF-8"?>
<project-private xmlns="http://www.netbeans.org/ns/project-private/1">
    <editor-bookmarks xmlns="http://www.netbeans.org/ns/editor-bookmarks/2" lastBookmarkId="0"/>
    <open-files xmlns="http://www.netbeans.org/ns/projectui-open-files/2">
        <group>
            <file>file:/J:/V/Acioly/2º%20Módulo/TOO/Atividade_II/Exercicios_Her_Pol/exercicio_02/src/exercicio_02/Pobre.java</file>
            <file>file:/J:/V/Acioly/2º%20Módulo/TOO/Atividade_II/Exercicios_Her_Pol/exercicio_02/src/exercicio_02/Pessoa.java</file>
            <file>file:/J:/V/Acioly/2º%20Módulo/TOO/Atividade_II/Exercicios_Her_Pol/exercicio_02/src/exercicio_02/Animal.java</file>
            <file>file:/J:/V/Acioly/2º%20Módulo/TOO/Atividade_II/Exercicios_Her_Pol/exercicio_02/src/exercicio_02/Cachorro.java</file>
            <file>file:/J:/V/Acioly/2º%20Módulo/TOO/Atividade_II/Exercicios_Her_Pol/exercicio_02/src/exercicio_02/Gato.java</file>
            <file>file:/J:/V/Acioly/2º%20Módulo/TOO/Atividade_II/Exercicios_Her_Pol/exercicio_02/src/exercicio_02/Rica.java</file>
            <file>file:/J:/V/Acioly/2º%20Módulo/TOO/Atividade_II/Exercicios_Her_Pol/exercicio_02/src/exercicio_02/Miseravel.java</file>
            <file>file:/J:/V/Acioly/2º%20Módulo/TOO/Atividade_II/Exercicios_Her_Pol/exercicio_02/src/exercicio_02/Exercicio_02.java</file>
        </group>
    </open-files>
</project-private>
