<?xml version="1.0" encoding="UTF-8"?>
<project-private xmlns="http://www.netbeans.org/ns/project-private/1">
    <editor-bookmarks xmlns="http://www.netbeans.org/ns/editor-bookmarks/2" lastBookmarkId="0"/>
    <open-files xmlns="http://www.netbeans.org/ns/projectui-open-files/2">
        <group>
            <file>file:/J:/2º%20Módulo/TOO/Atividade_TOO/heranca_eletrodomestico/src/heranca_eletrodomestico/domestico.java</file>
            <file>file:/J:/2º%20Módulo/TOO/Atividade_TOO/heranca_eletrodomestico/src/heranca_eletrodomestico/Heranca_eletrodomestico.java</file>
        </group>
    </open-files>
</project-private>
