<?xml version="1.0" encoding="UTF-8"?>
<project-private xmlns="http://www.netbeans.org/ns/project-private/1">
    <editor-bookmarks xmlns="http://www.netbeans.org/ns/editor-bookmarks/2" lastBookmarkId="0"/>
    <open-files xmlns="http://www.netbeans.org/ns/projectui-open-files/2">
        <group>
            <file>file:/J:/2º%20Módulo/TOO/Atividade_TOO/heranca_locadora/src/heranca_locadora/jogo.java</file>
            <file>file:/J:/2º%20Módulo/TOO/Atividade_TOO/heranca_locadora/src/heranca_locadora/Heranca_locadora.java</file>
            <file>file:/J:/2º%20Módulo/TOO/Atividade_TOO/heranca_locadora/src/heranca_locadora/filme.java</file>
            <file>file:/J:/2º%20Módulo/TOO/Atividade_TOO/heranca_locadora/src/heranca_locadora/item.java</file>
        </group>
    </open-files>
</project-private>
